,question_number,response_id,filename
0,1,1,docusign.txt
1,2,1,docusign.txt
2,3,1,docusign.txt
3,4,0,docusign.txt
4,5,840,docusign.txt
5,6,0,docusign.txt
6,7,0,docusign.txt
7,8,1,docusign.txt
8,9,840,docusign.txt
9,10,0,docusign.txt
10,11,840,docusign.txt
11,12,0,docusign.txt
12,13,0,docusign.txt
13,14,1,docusign.txt
14,15,1,docusign.txt
15,16,1,docusign.txt
16,17,0,docusign.txt
17,18,0,docusign.txt
18,19,0,docusign.txt
19,20,0,docusign.txt
20,21,1,docusign.txt
21,22,1,docusign.txt
22,23,1,hotjar.txt
23,24,1,hotjar.txt
24,25,1,hotjar.txt
25,26,0,hotjar.txt
26,27,840,hotjar.txt
27,28,0,hotjar.txt
28,29,0,hotjar.txt
29,30,1,hotjar.txt
30,31,470,hotjar.txt
31,32,0,hotjar.txt
32,33,470,hotjar.txt
33,34,0,hotjar.txt
34,35,0,hotjar.txt
35,36,1,hotjar.txt
36,37,1,hotjar.txt
37,38,1,hotjar.txt
38,39,1,hotjar.txt
39,40,372,hotjar.txt
40,41,840,hotjar.txt
41,42,0,hotjar.txt
42,43,1,hotjar.txt
43,44,1,hotjar.txt
44,45,1,i advize.txt
45,46,0,i advize.txt
46,47,0,i advize.txt
47,48,1,i advize.txt
48,49,0,i advize.txt
49,50,0,i advize.txt
50,51,0,i advize.txt
51,52,1,i advize.txt
52,53,250,i advize.txt
53,54,0,i advize.txt
54,55,250,i advize.txt
55,56,0,i advize.txt
56,57,1,i advize.txt
57,58,1,i advize.txt
58,59,1,i advize.txt
59,60,1,i advize.txt
60,61,1,i advize.txt
61,62,246,i advize.txt
62,63,250,i advize.txt
63,64,276,i advize.txt
64,65,1,i advize.txt
65,66,2,i advize.txt
66,67,1,mailjet.txt
67,68,1,mailjet.txt
68,69,1,mailjet.txt
69,70,0,mailjet.txt
70,71,0,mailjet.txt
71,72,0,mailjet.txt
72,73,0,mailjet.txt
73,74,1,mailjet.txt
74,75,840,mailjet.txt
75,76,0,mailjet.txt
76,77,840,mailjet.txt
77,78,0,mailjet.txt
78,79,1,mailjet.txt
79,80,1,mailjet.txt
80,81,1,mailjet.txt
81,82,1,mailjet.txt
82,83,1,mailjet.txt
83,84,100,mailjet.txt
84,85,276,mailjet.txt
85,86,840,mailjet.txt
86,87,1,mailjet.txt
87,88,2,mailjet.txt
88,89,1,marvelapp.txt
89,90,1,marvelapp.txt
90,91,1,marvelapp.txt
91,92,0,marvelapp.txt
92,93,0,marvelapp.txt
93,94,0,marvelapp.txt
94,95,0,marvelapp.txt
95,96,0,marvelapp.txt
96,97,826,marvelapp.txt
97,98,0,marvelapp.txt
98,99,826,marvelapp.txt
99,100,0,marvelapp.txt
100,101,0,marvelapp.txt
101,102,1,marvelapp.txt
102,103,1,marvelapp.txt
103,104,1,marvelapp.txt
104,105,0,marvelapp.txt
105,106,0,marvelapp.txt
106,107,0,marvelapp.txt
107,108,0,marvelapp.txt
108,109,1,marvelapp.txt
109,110,1,marvelapp.txt
110,111,1,postman.txt
111,112,0,postman.txt
112,113,1,postman.txt
113,114,0,postman.txt
114,115,756,postman.txt
115,116,826,postman.txt
116,117,0,postman.txt
117,118,1,postman.txt
118,119,840,postman.txt
119,120,0,postman.txt
120,121,840,postman.txt
121,122,0,postman.txt
122,123,0,postman.txt
123,124,1,postman.txt
124,125,1,postman.txt
125,126,1,postman.txt
126,127,1,postman.txt
127,128,356,postman.txt
128,129,826,postman.txt
129,130,840,postman.txt
130,131,0,postman.txt
131,132,2,postman.txt
132,133,1,slack.txt
133,134,1,slack.txt
134,135,1,slack.txt
135,136,0,slack.txt
136,137,0,slack.txt
137,138,0,slack.txt
138,139,0,slack.txt
139,140,1,slack.txt
140,141,0,slack.txt
141,142,0,slack.txt
142,143,0,slack.txt
143,144,0,slack.txt
144,145,0,slack.txt
145,146,1,slack.txt
146,147,1,slack.txt
147,148,1,slack.txt
148,149,1,slack.txt
149,150,840,slack.txt
150,151,0,slack.txt
151,152,0,slack.txt
152,153,1,slack.txt
153,154,1,slack.txt
154,155,1,typeform.txt
155,156,1,typeform.txt
156,157,1,typeform.txt
157,158,0,typeform.txt
158,159,0,typeform.txt
159,160,0,typeform.txt
160,161,0,typeform.txt
161,162,1,typeform.txt
162,163,724,typeform.txt
163,164,0,typeform.txt
164,165,724,typeform.txt
165,166,0,typeform.txt
166,167,0,typeform.txt
167,168,1,typeform.txt
168,169,1,typeform.txt
169,170,1,typeform.txt
170,171,1,typeform.txt
171,172,0,typeform.txt
172,173,0,typeform.txt
173,174,0,typeform.txt
174,175,1,typeform.txt
175,176,0,typeform.txt
176,177,1,wordpress.txt
177,178,1,wordpress.txt
178,179,1,wordpress.txt
179,180,0,wordpress.txt
180,181,0,wordpress.txt
181,182,0,wordpress.txt
182,183,0,wordpress.txt
183,184,1,wordpress.txt
184,185,840,wordpress.txt
185,186,0,wordpress.txt
186,187,840,wordpress.txt
187,188,0,wordpress.txt
188,189,0,wordpress.txt
189,190,1,wordpress.txt
190,191,1,wordpress.txt
191,192,0,wordpress.txt
192,193,0,wordpress.txt
193,194,0,wordpress.txt
194,195,0,wordpress.txt
195,196,0,wordpress.txt
196,197,0,wordpress.txt
197,198,0,wordpress.txt
198,199,1,zoom.txt
199,200,1,zoom.txt
200,201,1,zoom.txt
201,202,0,zoom.txt
202,203,0,zoom.txt
203,204,0,zoom.txt
204,205,0,zoom.txt
205,206,1,zoom.txt
206,207,840,zoom.txt
207,208,0,zoom.txt
208,209,840,zoom.txt
209,210,0,zoom.txt
210,211,0,zoom.txt
211,212,1,zoom.txt
212,213,1,zoom.txt
213,214,0,zoom.txt
214,215,1,zoom.txt
215,216,36,zoom.txt
216,217,124,zoom.txt
217,218,840,zoom.txt
218,219,1,zoom.txt
219,220,1,zoom.txt
